{"cameraMode":{"drawMode":0,"name":"Shaded","section":"Shading Mode"},"sceneLighting":true,"audioPlay":false,"sceneViewState":{"m_AlwaysRefresh":false,"showFog":true,"showSkybox":true,"showFlares":true,"showImageEffects":true,"showParticleSystems":true,"showVisualEffectGraphs":true,"m_FxEnabled":true},"in2DMode":false,"pivot":{"x":0.8144773244857788,"y":2.6050467491149904,"z":0.7613427042961121},"rotation":{"x":-0.19121907651424409,"y":0.48558124899864199,"z":-0.10976344347000122,"w":-0.8459311127662659},"size":2.4073948860168459,"orthographic":false}